DATE,COUNT
1/1/2015,63
1/2/2015,70
1/3/2015,78
1/4/2015,76
1/5/2015,66
1/6/2015,83
1/7/2015,78
1/8/2015,80
1/9/2015,77
1/10/2015,74
1/11/2015,68
1/12/2015,82
1/13/2015,71
1/14/2015,83
1/15/2015,73
1/16/2015,77
1/17/2015,65
1/18/2015,69
1/19/2015,71
1/20/2015,72
1/21/2015,81
1/22/2015,77
1/23/2015,78
1/24/2015,76
1/25/2015,64
1/26/2015,72
1/27/2015,75
1/28/2015,71
1/29/2015,72
1/30/2015,83
1/31/2015,68
2/1/2015,70
2/2/2015,69
2/3/2015,76
2/4/2015,76
2/5/2015,73
2/6/2015,76
2/7/2015,80
2/8/2015,71
2/9/2015,75
2/10/2015,66
2/11/2015,87
2/12/2015,79
2/13/2015,78
2/14/2015,80
2/15/2015,75
2/16/2015,77
2/17/2015,71
2/18/2015,72
2/19/2015,74
2/20/2015,70
2/21/2015,70
2/22/2015,69
2/23/2015,78
2/24/2015,78
2/25/2015,75
2/26/2015,77
2/27/2015,68
2/28/2015,70
3/1/2015,65
3/2/2015,70
3/3/2015,71
3/4/2015,85
3/5/2015,75
3/6/2015,86
3/7/2015,81
3/8/2015,76
3/9/2015,70
3/10/2015,72
3/11/2015,70
3/12/2015,78
3/13/2015,72
3/14/2015,64
3/15/2015,75
3/16/2015,72
3/17/2015,72
3/18/2015,74
3/19/2015,77
3/20/2015,66
3/21/2015,73
3/22/2015,68
3/23/2015,81
3/24/2015,77
3/25/2015,71
3/26/2015,75
3/27/2015,69
3/28/2015,73
3/29/2015,68
3/30/2015,76
3/31/2015,74
4/1/2015,70
4/2/2015,80
4/3/2015,80
4/4/2015,74
4/5/2015,70
4/6/2015,80
4/7/2015,75
4/8/2015,80
4/9/2015,85
4/10/2015,73
4/11/2015,74
4/12/2015,80
4/13/2015,76
4/14/2015,83
4/15/2015,76
4/16/2015,90
4/17/2015,70
4/18/2015,73
4/19/2015,74
4/20/2015,68
4/21/2015,86
4/22/2015,78
4/23/2015,67
4/24/2015,70
4/25/2015,66
4/26/2015,67
4/27/2015,66
4/28/2015,68
4/29/2015,73
4/30/2015,79
5/1/2015,78
5/2/2015,51
5/3/2015,63
5/4/2015,76
5/5/2015,83
5/6/2015,100
5/7/2015,91
5/8/2015,84
5/9/2015,76
5/10/2015,49
5/11/2015,72
5/12/2015,78
5/13/2015,66
5/14/2015,73
5/15/2015,75
5/16/2015,71
5/17/2015,78
5/18/2015,76
5/19/2015,78
5/20/2015,73
5/21/2015,72
5/22/2015,66
5/23/2015,63
5/24/2015,63
5/25/2015,65
5/26/2015,62
5/27/2015,83
5/28/2015,88
5/29/2015,73
5/30/2015,84
5/31/2015,63
6/1/2015,72
6/2/2015,81
6/3/2015,80
6/4/2015,78
6/5/2015,71
6/6/2015,68
6/7/2015,65
6/8/2015,72
6/9/2015,74
6/10/2015,66
6/11/2015,75
6/12/2015,73
6/13/2015,64
6/14/2015,73
6/15/2015,64
6/16/2015,82
6/17/2015,78
6/18/2015,69
6/19/2015,69
6/20/2015,72
6/21/2015,79
6/22/2015,54
6/23/2015,79
6/24/2015,73
6/25/2015,69
6/26/2015,77
6/27/2015,79
6/28/2015,67
6/29/2015,75
6/30/2015,81
7/1/2015,76
7/2/2015,65
7/3/2015,67
7/4/2015,80
7/5/2015,75
7/6/2015,89
7/7/2015,75
7/8/2015,88
7/9/2015,87
7/10/2015,81
7/11/2015,83
7/12/2015,79
7/13/2015,70
7/14/2015,79
7/15/2015,81
7/16/2015,74
7/17/2015,69
7/18/2015,69
7/19/2015,74
7/20/2015,72
7/21/2015,93
7/22/2015,82
7/23/2015,70
7/24/2015,80
7/25/2015,72
7/26/2015,52
7/27/2015,84
7/28/2015,81
7/29/2015,74
7/30/2015,75
7/31/2015,82
8/1/2015,78.28160144
8/2/2015,82.34817814
8/3/2015,69.13180387
8/4/2015,85.39811066
8/5/2015,81.33153396
8/6/2015,67.09851552
8/7/2015,64.048583
8/8/2015,75.23166892
8/9/2015,57.94871795
8/10/2015,87.43139901
8/11/2015,84.38146649
8/12/2015,74.21502474
8/13/2015,75.23166892
8/14/2015,69.13180387
8/15/2015,76.24831309
8/16/2015,70.14844804
8/17/2015,75.23166892
8/18/2015,68.11515969
8/19/2015,72.18173639
8/20/2015,73.19838057
8/21/2015,73.19838057
8/22/2015,65.06522717
8/23/2015,71.16509222
8/24/2015,76.24831309
8/25/2015,80.31488979
8/26/2015,70.14844804
8/27/2015,62.01529465
8/28/2015,76.24831309
8/29/2015,67.09851552
8/30/2015,59.9820063
8/31/2015,72.18173639
9/1/2015,70.14844804
9/2/2015,71.16509222
9/3/2015,74.21502474
9/4/2015,65.06522717
9/5/2015,63.03193882
9/6/2015,71.16509222
9/7/2015,91.49797571
9/8/2015,71.16509222
9/9/2015,76.24831309
9/10/2015,63.03193882
9/11/2015,74.21502474
9/12/2015,74.21502474
9/13/2015,64.048583
9/14/2015,72.18173639
9/15/2015,73.19838057
9/16/2015,76.24831309
9/17/2015,74.21502474
9/18/2015,73.19838057
9/19/2015,59.9820063
9/20/2015,67.09851552
9/21/2015,65.06522717
9/22/2015,75.23166892
9/23/2015,77.26495726
9/24/2015,83.36482231
9/25/2015,84.38146649
9/26/2015,74.21502474
9/27/2015,75.23166892
9/28/2015,77.26495726
9/29/2015,71.16509222
9/30/2015,93.53126406
10/1/2015,82.34817814
10/2/2015,80.31488979
10/3/2015,75.23166892
10/4/2015,68.11515969
10/5/2015,78.28160144
10/6/2015,86.41475484
10/7/2015,86.41475484
10/8/2015,85.39811066
10/9/2015,81.33153396
10/10/2015,72.18173639
10/11/2015,70.14844804
10/12/2015,88.44804318
10/13/2015,77.26495726
10/14/2015,82.34817814
10/15/2015,91.49797571
10/16/2015,69.13180387
10/17/2015,77.26495726
10/18/2015,77.26495726
10/19/2015,88.44804318
10/20/2015,63.03193882
10/21/2015,72.18173639
10/22/2015,78.28160144
10/23/2015,65.06522717
10/24/2015,76.24831309
10/25/2015,73.19838057
10/26/2015,69.13180387
10/27/2015,86.41475484
10/28/2015,73.19838057
10/29/2015,78.28160144
10/30/2015,76.24831309
10/31/2015,63.03193882
11/1/2015,57.94871795
11/2/2015,73.19838057
11/3/2015,78.28160144
11/4/2015,79.29824561
11/5/2015,79.29824561
11/6/2015,74.21502474
11/7/2015,65.06522717
11/8/2015,72.18173639
11/9/2015,70.14844804
11/10/2015,82.34817814
11/11/2015,75.23166892
11/12/2015,76.24831309
11/13/2015,66.08187135
11/14/2015,59.9820063
11/15/2015,64.048583
11/16/2015,74.21502474
11/17/2015,76.24831309
11/18/2015,83.36482231
11/19/2015,71.16509222
11/20/2015,68.11515969
11/21/2015,67.09851552
11/22/2015,68.11515969
11/23/2015,67.09851552
11/24/2015,72.18173639
11/25/2015,68.11515969
11/26/2015,65.06522717
11/27/2015,66.08187135
11/28/2015,70.14844804
11/29/2015,69.13180387
11/30/2015,71.16509222
12/1/2015,71.16509222
12/2/2015,68.11515969
12/3/2015,87.43139901
12/4/2015,84.38146649
12/5/2015,64.048583
12/6/2015,74.21502474
12/7/2015,77.26495726
12/8/2015,81.33153396
12/9/2015,73.19838057
12/10/2015,82.34817814
12/11/2015,78.28160144
12/12/2015,94.54790823
12/13/2015,72.18173639
12/14/2015,84.38146649
12/15/2015,87.43139901
12/16/2015,80.31488979
12/17/2015,77.26495726
12/18/2015,74.21502474
12/19/2015,70.14844804
12/20/2015,82.34817814
12/21/2015,80.31488979
12/22/2015,87.43139901
12/23/2015,92.51461988
12/24/2015,98.61448493
12/25/2015,65.06522717
12/26/2015,66.08187135
12/27/2015,53.88214125
12/28/2015,72.18173639
12/29/2015,81.33153396
12/30/2015,73.19838057
12/31/2015,81.33153396
1/1/2016,67.09851552
1/2/2016,66.08187135
1/3/2016,64.048583
1/4/2016,65.06522717
1/5/2016,79.29824561
1/6/2016,67.09851552
1/7/2016,67.09851552
1/8/2016,75.23166892
1/9/2016,56.93207377
1/10/2016,71.16509222
1/11/2016,73.19838057
1/12/2016,78.28160144
1/13/2016,71.16509222
1/14/2016,65.06522717
1/15/2016,81.33153396
1/16/2016,74.21502474
1/17/2016,60.99865047
1/18/2016,67.09851552
1/19/2016,72.18173639
1/20/2016,76.24831309
1/21/2016,67.09851552
1/22/2016,64.048583
1/23/2016,70.14844804
1/24/2016,63.03193882
1/25/2016,69.13180387
1/26/2016,76.24831309
1/27/2016,74.21502474
1/28/2016,71.16509222
1/29/2016,78.28160144
1/30/2016,77.26495726
1/31/2016,55.9154296
2/1/2016,72.18173639
2/2/2016,73.19838057
2/3/2016,70.14844804
2/4/2016,68.11515969
2/5/2016,81.33153396
2/6/2016,71.16509222
2/7/2016,68.11515969
2/8/2016,79.29824561
2/9/2016,79.29824561
2/10/2016,68.11515969
2/11/2016,101.6644175
2/12/2016,96.58119658
2/13/2016,79.29824561
2/14/2016,79.29824561
2/15/2016,73.19838057
2/16/2016,80.31488979
2/17/2016,82.34817814
2/18/2016,74.21502474
2/19/2016,73.19838057
2/20/2016,60.99865047
2/21/2016,67.09851552
2/22/2016,74.21502474
2/23/2016,80.31488979
2/24/2016,89.46468736
2/25/2016,80.31488979
2/26/2016,72.18173639
2/27/2016,72.18173639
2/28/2016,75.23166892
2/29/2016,79.29824561
3/1/2016,94.16574528
3/2/2016,94.16574528
3/3/2016,73.52667782
3/4/2016,82.55626983
3/5/2016,82.55626983
3/6/2016,67.07696924
3/7/2016,70.94679439
3/8/2016,69.65685267
3/9/2016,78.68644469
3/10/2016,59.33731894
3/11/2016,81.26632812
3/12/2016,76.10656125
3/13/2016,78.68644469
3/14/2016,73.52667782
3/15/2016,86.42609498
3/16/2016,76.10656125
3/17/2016,76.10656125
3/18/2016,77.39650297
3/19/2016,60.62726066
3/20/2016,77.39650297
3/21/2016,74.81661954
3/22/2016,77.39650297
3/23/2016,63.20714409
3/24/2016,73.52667782
3/25/2016,68.36691096
3/26/2016,56.75743551
3/27/2016,69.65685267
3/28/2016,70.94679439
3/29/2016,68.36691096
3/30/2016,86.42609498
3/31/2016,67.07696924
4/1/2016,77.39650297
4/2/2016,60.62726066
4/3/2016,73.52667782
4/4/2016,77.39650297
4/5/2016,83.84621155
4/6/2016,83.84621155
4/7/2016,76.10656125
4/8/2016,79.9763864
4/9/2016,78.68644469
4/10/2016,79.9763864
4/11/2016,79.9763864
4/12/2016,76.10656125
4/13/2016,82.55626983
4/14/2016,77.39650297
4/15/2016,76.10656125
4/16/2016,74.81661954
4/17/2016,67.07696924
4/18/2016,76.10656125
4/19/2016,78.68644469
4/20/2016,79.9763864
4/21/2016,78.68644469
4/22/2016,82.55626983
4/23/2016,83.84621155
4/24/2016,73.52667782
4/25/2016,76.10656125
4/26/2016,74.81661954
4/27/2016,78.68644469
4/28/2016,81.26632812
4/29/2016,77.39650297
4/30/2016,85.13615327
5/1/2016,58.04737723
5/2/2016,90.29592013
5/3/2016,82.55626983
5/4/2016,87.7160367
5/5/2016,77.39650297
5/6/2016,69.65685267
5/7/2016,72.2367361
5/8/2016,68.36691096
5/9/2016,74.81661954
5/10/2016,73.52667782
5/11/2016,85.13615327
5/12/2016,69.65685267
5/13/2016,79.9763864
5/14/2016,72.2367361
5/15/2016,69.65685267
5/16/2016,76.10656125
5/17/2016,74.81661954
5/18/2016,72.2367361
5/19/2016,89.00597842
5/20/2016,73.52667782
5/21/2016,82.55626983
5/22/2016,89.00597842
5/23/2016,79.9763864
5/24/2016,78.68644469
5/25/2016,64.49708581
5/26/2016,86.42609498
5/27/2016,72.2367361
5/28/2016,72.2367361
5/29/2016,64.49708581
5/30/2016,72.2367361
5/31/2016,74.81661954
6/1/2016,83.84621155
6/2/2016,76.10656125
6/3/2016,68.36691096
6/4/2016,73.52667782
6/5/2016,61.91720238
6/6/2016,74.81661954
6/7/2016,68.36691096
6/8/2016,70.94679439
6/9/2016,76.10656125
6/10/2016,59.33731894
6/11/2016,63.20714409
6/12/2016,69.65685267
6/13/2016,74.81661954
6/14/2016,76.10656125
6/15/2016,83.84621155
6/16/2016,77.39650297
6/17/2016,72.2367361
6/18/2016,67.07696924
6/19/2016,64.49708581
6/20/2016,68.36691096
6/21/2016,69.65685267
6/22/2016,81.26632812
6/23/2016,76.10656125
6/24/2016,74.81661954
6/25/2016,64.49708581
6/26/2016,79.9763864
6/27/2016,74.81661954
6/28/2016,79.9763864
6/29/2016,78.68644469
6/30/2016,78.68644469
7/1/2016,81.26632812
7/2/2016,67.07696924
7/3/2016,73.52667782
7/4/2016,72.2367361
7/5/2016,74.81661954
7/6/2016,69.65685267
7/7/2016,77.39650297
7/8/2016,77.39650297
7/9/2016,55.46749379
7/10/2016,61.91720238
7/11/2016,73.52667782
7/12/2016,61.91720238
7/13/2016,67.07696924
7/14/2016,68.36691096
7/15/2016,73.52667782
7/16/2016,73.52667782
7/17/2016,61.91720238
7/18/2016,64.49708581
7/19/2016,81.26632812
7/20/2016,65.78702752
7/21/2016,64.49708581
7/22/2016,65.78702752
7/23/2016,79.9763864
7/24/2016,64.49708581
7/25/2016,70.94679439
7/26/2016,69.65685267
7/27/2016,78.68644469
7/28/2016,86.42609498
7/29/2016,81.26632812
7/30/2016,79.9763864
7/31/2016,76.10656125
8/1/2016,72.2367361
8/2/2016,77.39650297
8/3/2016,78.68644469
8/4/2016,81.26632812
8/5/2016,67.07696924
8/6/2016,61.91720238
8/7/2016,63.20714409
8/8/2016,70.94679439
8/9/2016,77.39650297
8/10/2016,78.68644469
8/11/2016,68.36691096
8/12/2016,76.10656125
8/13/2016,73.52667782
8/14/2016,67.07696924
8/15/2016,64.49708581
8/16/2016,79.9763864
8/17/2016,68.36691096
8/18/2016,74.81661954
8/19/2016,69.65685267
8/20/2016,61.91720238
8/21/2016,55.46749379
8/22/2016,76.10656125
8/23/2016,61.91720238
8/24/2016,72.2367361
8/25/2016,69.65685267
8/26/2016,69.65685267
8/27/2016,73.52667782
8/28/2016,77.39650297
8/29/2016,73.52667782
8/30/2016,74.81661954
8/31/2016,70.94679439
9/1/2016,72.2367361
9/2/2016,72.2367361
9/3/2016,68.36691096
9/4/2016,69.65685267
9/5/2016,63.20714409
9/6/2016,73.52667782
9/7/2016,79.9763864
9/8/2016,89.00597842
9/9/2016,69.65685267
9/10/2016,73.52667782
9/11/2016,70.94679439
9/12/2016,74.81661954
9/13/2016,82.55626983
9/14/2016,77.39650297
9/15/2016,128.9941716
9/16/2016,128.9941716
9/17/2016,83.84621155
9/18/2016,83.84621155
9/19/2016,86.42609498
9/20/2016,73.52667782
9/21/2016,74.81661954
9/22/2016,86.42609498
9/23/2016,87.7160367
9/24/2016,69.65685267
9/25/2016,82.55626983
9/26/2016,87.7160367
9/27/2016,79.9763864
9/28/2016,95.455687
9/29/2016,85.13615327
9/30/2016,79.9763864
10/1/2016,55.46516549
10/2/2016,61.99047908
10/3/2016,71.77844946
10/4/2016,75.04110625
10/5/2016,68.51579267
10/6/2016,75.04110625
10/7/2016,65.25313587
10/8/2016,58.72782229
10/9/2016,61.99047908
10/10/2016,84.82907663
10/11/2016,78.30376305
10/12/2016,84.82907663
10/13/2016,81.56641984
10/14/2016,65.25313587
10/15/2016,81.56641984
10/16/2016,58.72782229
10/17/2016,71.77844946
10/18/2016,84.82907663
10/19/2016,75.04110625
10/20/2016,78.30376305
10/21/2016,71.77844946
10/22/2016,68.51579267
10/23/2016,68.51579267
10/24/2016,71.77844946
10/25/2016,88.09173343
10/26/2016,75.04110625
10/27/2016,78.30376305
10/28/2016,68.51579267
10/29/2016,61.99047908
10/30/2016,61.99047908
10/31/2016,78.30376305
11/1/2016,71.77844946
11/2/2016,88.09173343
11/3/2016,71.77844946
11/4/2016,75.04110625
11/5/2016,61.99047908
11/6/2016,68.51579267
11/7/2016,75.04110625
11/8/2016,71.77844946
11/9/2016,58.72782229
11/10/2016,88.09173343
11/11/2016,71.77844946
11/12/2016,75.04110625
11/13/2016,65.25313587
11/14/2016,75.04110625
11/15/2016,78.30376305
11/16/2016,78.30376305
11/17/2016,75.04110625
11/18/2016,61.99047908
11/19/2016,68.51579267
11/20/2016,58.72782229
11/21/2016,78.30376305
11/22/2016,61.99047908
11/23/2016,78.30376305
11/24/2016,71.77844946
11/25/2016,61.99047908
11/26/2016,61.99047908
11/27/2016,61.99047908
11/28/2016,75.04110625
11/29/2016,78.30376305
11/30/2016,78.30376305
12/1/2016,68.51579267
12/2/2016,81.56641984
12/3/2016,71.77844946
12/4/2016,65.25313587
12/5/2016,75.04110625
12/6/2016,78.30376305
12/7/2016,65.25313587
12/8/2016,75.04110625
12/9/2016,71.77844946
12/10/2016,65.25313587
12/11/2016,61.99047908
12/12/2016,75.04110625
12/13/2016,71.77844946
12/14/2016,78.30376305
12/15/2016,75.04110625
12/16/2016,68.51579267
12/17/2016,68.51579267
12/18/2016,75.04110625
12/19/2016,71.77844946
12/20/2016,71.77844946
12/21/2016,75.04110625
12/22/2016,78.30376305
12/23/2016,81.56641984
12/24/2016,84.82907663
12/25/2016,52.2025087
12/26/2016,65.25313587
12/27/2016,71.77844946
12/28/2016,75.04110625
12/29/2016,68.51579267
12/30/2016,84.82907663
12/31/2016,75.04110625
1/1/2017,65.25313587
1/2/2017,71.77844946
1/3/2017,81.56641984
1/4/2017,88.09173343
1/5/2017,75.04110625
1/6/2017,84.82907663
1/7/2017,75.04110625
1/8/2017,68.51579267
1/9/2017,78.30376305
1/10/2017,78.30376305
1/11/2017,78.30376305
1/12/2017,78.30376305
1/13/2017,78.30376305
1/14/2017,81.56641984
1/15/2017,71.77844946
1/16/2017,78.30376305
1/17/2017,81.56641984
1/18/2017,88.09173343
1/19/2017,61.99047908
1/20/2017,88.09173343
1/21/2017,61.99047908
1/22/2017,68.51579267
1/23/2017,68.51579267
1/24/2017,68.51579267
1/25/2017,78.30376305
1/26/2017,71.77844946
1/27/2017,71.77844946
1/28/2017,65.25313587
1/29/2017,75.04110625
1/30/2017,78.30376305
1/31/2017,71.77844946
2/1/2017,84.82907663
2/2/2017,75.04110625
2/3/2017,75.04110625
2/4/2017,68.51579267
2/5/2017,68.51579267
2/6/2017,71.77844946
2/7/2017,75.04110625
2/8/2017,78.30376305
2/9/2017,71.77844946
2/10/2017,75.04110625
2/11/2017,75.04110625
2/12/2017,65.25313587
2/13/2017,78.30376305
2/14/2017,68.51579267
2/15/2017,84.82907663
2/16/2017,81.56641984
2/17/2017,78.30376305
2/18/2017,81.56641984
2/19/2017,71.77844946
2/20/2017,71.77844946
2/21/2017,78.30376305
2/22/2017,71.77844946
2/23/2017,84.82907663
2/24/2017,71.77844946
2/25/2017,71.77844946
2/26/2017,81.56641984
2/27/2017,68.51579267
2/28/2017,81.56641984
3/1/2017,81.56641984
3/2/2017,78.30376305
3/3/2017,91.35439022
3/4/2017,75.04110625
3/5/2017,75.04110625
3/6/2017,88.09173343
3/7/2017,91.35439022
3/8/2017,88.09173343
3/9/2017,75.04110625
3/10/2017,88.09173343
3/11/2017,71.77844946
3/12/2017,78.30376305
3/13/2017,81.56641984
3/14/2017,81.56641984
3/15/2017,94.61704702
3/16/2017,107.6676742
3/17/2017,97.87970381
3/18/2017,81.56641984
3/19/2017,84.82907663
3/20/2017,91.35439022
3/21/2017,91.35439022
3/22/2017,78.30376305
3/23/2017,101.1423606
3/24/2017,107.6676742
3/25/2017,88.09173343
3/26/2017,101.1423606
3/27/2017,88.09173343
3/28/2017,88.09173343
3/29/2017,81.56641984
3/30/2017,110.930331
3/31/2017,140.2942421
4/1/2017,110.930331
4/2/2017,176.1834669
4/3/2017,153.3448693
4/4/2017,127.243615
4/5/2017,114.1929878
4/6/2017,110.930331
4/7/2017,117.4556446
4/8/2017,88.09173343
4/9/2017,84.82907663
4/10/2017,97.87970381
4/11/2017,94.61704702
4/12/2017,101.1423606
4/13/2017,101.1423606
4/14/2017,84.82907663
4/15/2017,94.61704702
4/16/2017,75.04110625
4/17/2017,84.82907663
4/18/2017,91.35439022
4/19/2017,101.1423606
4/20/2017,94.61704702
4/21/2017,84.82907663
4/22/2017,81.56641984
4/23/2017,81.56641984
4/24/2017,88.09173343
4/25/2017,97.87970381
4/26/2017,91.35439022
4/27/2017,94.61704702
4/28/2017,127.243615
4/29/2017,117.4556446
4/30/2017,117.4556446
5/1/2017,135.0703392
5/2/2017,135.0703392
5/3/2017,135.0703392
5/4/2017,135.0703392
5/5/2017,202.6055088
5/6/2017,135.0703392
5/7/2017,202.6055088
5/8/2017,270.1406784
5/9/2017,202.6055088
5/10/2017,202.6055088
5/11/2017,135.0703392
5/12/2017,202.6055088
5/13/2017,202.6055088
5/14/2017,135.0703392
5/15/2017,202.6055088
5/16/2017,337.675848
5/17/2017,337.675848
5/18/2017,270.1406784
5/19/2017,270.1406784
5/20/2017,270.1406784
5/21/2017,270.1406784
5/22/2017,270.1406784
5/23/2017,270.1406784
5/24/2017,270.1406784
5/25/2017,270.1406784
5/26/2017,270.1406784
5/27/2017,270.1406784
5/28/2017,202.6055088
5/29/2017,202.6055088
5/30/2017,202.6055088
5/31/2017,202.6055088
6/1/2017,270.1406784
6/2/2017,270.1406784
6/3/2017,202.6055088
6/4/2017,202.6055088
6/5/2017,202.6055088
6/6/2017,202.6055088
6/7/2017,202.6055088
6/8/2017,202.6055088
6/9/2017,202.6055088
6/10/2017,202.6055088
6/11/2017,202.6055088
6/12/2017,202.6055088
6/13/2017,202.6055088
6/14/2017,202.6055088
6/15/2017,202.6055088
6/16/2017,202.6055088
6/17/2017,202.6055088
6/18/2017,202.6055088
6/19/2017,202.6055088
6/20/2017,270.1406784
6/21/2017,202.6055088
6/22/2017,202.6055088
6/23/2017,202.6055088
6/24/2017,202.6055088
6/25/2017,202.6055088
6/26/2017,202.6055088
6/27/2017,202.6055088
6/28/2017,202.6055088
6/29/2017,202.6055088
6/30/2017,135.0703392
7/1/2017,135.0703392
7/2/2017,135.0703392
7/3/2017,202.6055088
7/4/2017,135.0703392
7/5/2017,135.0703392
7/6/2017,135.0703392
7/7/2017,135.0703392
7/8/2017,135.0703392
7/9/2017,135.0703392
7/10/2017,202.6055088
7/11/2017,202.6055088
7/12/2017,202.6055088
7/13/2017,202.6055088
7/14/2017,135.0703392
7/15/2017,135.0703392
7/16/2017,135.0703392
7/17/2017,202.6055088
7/18/2017,135.0703392
7/19/2017,202.6055088
7/20/2017,202.6055088
7/21/2017,202.6055088
7/22/2017,202.6055088
7/23/2017,202.6055088
7/24/2017,202.6055088
7/25/2017,202.6055088
7/26/2017,135.0703392
7/27/2017,135.0703392
7/28/2017,135.0703392
7/29/2017,135.0703392
7/30/2017,135.0703392
7/31/2017,135.0703392
8/1/2017,202.6055088
8/2/2017,202.6055088
8/3/2017,135.0703392
8/4/2017,135.0703392
8/5/2017,202.6055088
8/6/2017,202.6055088
8/7/2017,202.6055088
8/8/2017,202.6055088
8/9/2017,202.6055088
8/10/2017,202.6055088
8/11/2017,202.6055088
8/12/2017,202.6055088
8/13/2017,202.6055088
8/14/2017,202.6055088
8/15/2017,202.6055088
8/16/2017,202.6055088
8/17/2017,202.6055088
8/18/2017,135.0703392
8/19/2017,202.6055088
8/20/2017,202.6055088
8/21/2017,202.6055088
8/22/2017,405.2110176
8/23/2017,540.2813568
8/24/2017,405.2110176
8/25/2017,337.675848
8/26/2017,270.1406784
8/27/2017,270.1406784
8/28/2017,270.1406784
8/29/2017,270.1406784
8/30/2017,270.1406784
8/31/2017,270.1406784
9/1/2017,337.675848
9/2/2017,270.1406784
9/3/2017,270.1406784
9/4/2017,270.1406784
9/5/2017,270.1406784
9/6/2017,270.1406784
9/7/2017,270.1406784
9/8/2017,202.6055088
9/9/2017,202.6055088
9/10/2017,202.6055088
9/11/2017,202.6055088
9/12/2017,202.6055088
9/13/2017,202.6055088
9/14/2017,202.6055088
9/15/2017,202.6055088
9/16/2017,202.6055088
9/17/2017,135.0703392
9/18/2017,202.6055088
9/19/2017,202.6055088
9/20/2017,202.6055088
9/21/2017,202.6055088
9/22/2017,135.0703392
9/23/2017,135.0703392
9/24/2017,135.0703392
9/25/2017,135.0703392
9/26/2017,135.0703392
9/27/2017,202.6055088
9/28/2017,202.6055088
9/29/2017,135.0703392
9/30/2017,202.6055088
10/1/2017,135.0703392
10/2/2017,202.6055088
10/3/2017,202.6055088
10/4/2017,202.6055088
10/5/2017,270.1406784
10/6/2017,202.6055088
10/7/2017,202.6055088
10/8/2017,270.1406784
10/9/2017,270.1406784
10/10/2017,270.1406784
10/11/2017,270.1406784
10/12/2017,270.1406784
10/13/2017,270.1406784
10/14/2017,270.1406784
10/15/2017,270.1406784
10/16/2017,472.7461872
10/17/2017,405.2110176
10/18/2017,337.675848
10/19/2017,270.1406784
10/20/2017,270.1406784
10/21/2017,202.6055088
10/22/2017,202.6055088
10/23/2017,202.6055088
10/24/2017,270.1406784
10/25/2017,202.6055088
10/26/2017,202.6055088
10/27/2017,202.6055088
10/28/2017,202.6055088
10/29/2017,135.0703392
10/30/2017,202.6055088
10/31/2017,202.6055088
11/1/2017,202.6055088
11/2/2017,270.1406784
11/3/2017,337.675848
11/4/2017,270.1406784
11/5/2017,270.1406784
11/6/2017,270.1406784
11/7/2017,202.6055088
11/8/2017,270.1406784
11/9/2017,270.1406784
11/10/2017,270.1406784
11/11/2017,202.6055088
11/12/2017,202.6055088
11/13/2017,270.1406784
11/14/2017,270.1406784
11/15/2017,202.6055088
11/16/2017,472.7461872
11/17/2017,405.2110176
11/18/2017,270.1406784
11/19/2017,270.1406784
11/20/2017,405.2110176
11/21/2017,337.675848
11/22/2017,270.1406784
11/23/2017,337.675848
11/24/2017,270.1406784
11/25/2017,337.675848
11/26/2017,405.2110176
11/27/2017,472.7461872
11/28/2017,607.8165264
11/29/2017,810.4220352
11/30/2017,540.2813568
12/1/2017,463.4119342
12/2/2017,397.2102293
12/3/2017,397.2102293
12/4/2017,463.4119342
12/5/2017,463.4119342
12/6/2017,529.6136391
12/7/2017,595.815344
12/8/2017,662.0170489
12/9/2017,595.815344
12/10/2017,463.4119342
12/11/2017,662.0170489
12/12/2017,1324.034098
12/13/2017,2780.471605
12/14/2017,4038.303998
12/15/2017,3508.690359
12/16/2017,2118.454556
12/17/2017,1655.042622
12/18/2017,1787.446032
12/19/2017,2052.252852
12/20/2017,1588.840917
12/21/2017,3508.690359
12/22/2017,3641.093769
12/23/2017,1919.849442
12/24/2017,1456.437508
12/25/2017,1257.832393
12/26/2017,1324.034098
12/27/2017,2052.252852
12/28/2017,2581.866491
12/29/2017,5097.531276
12/30/2017,6090.55685
12/31/2017,3111.48013
1/1/2018,2317.059671
1/2/2018,3310.085244
1/3/2018,4965.127867
1/4/2018,6620.170489
1/5/2018,4965.127867
1/6/2018,3442.488654
1/7/2018,2780.471605
1/8/2018,3773.497179
1/9/2018,3442.488654
1/10/2018,3574.892064
1/11/2018,3310.085244
1/12/2018,2383.261376
1/13/2018,1456.437508
1/14/2018,1324.034098
1/15/2018,1390.235803
1/16/2018,2515.664786
1/17/2018,2383.261376
1/18/2018,1986.051147
1/19/2018,1324.034098
1/20/2018,1059.227278
1/21/2018,926.8238684
1/22/2018,1059.227278
1/23/2018,993.0255733
1/24/2018,926.8238684
1/25/2018,860.6221636
1/26/2018,860.6221636
1/27/2018,728.2187538
1/28/2018,728.2187538
1/29/2018,794.4204587
1/30/2018,794.4204587
1/31/2018,794.4204587
2/1/2018,926.8238684
2/2/2018,1125.428983
2/3/2018,728.2187538
2/4/2018,662.0170489
2/5/2018,860.6221636
2/6/2018,993.0255733
2/7/2018,728.2187538
2/8/2018,662.0170489
2/9/2018,728.2187538
2/10/2018,926.8238684
2/11/2018,595.815344
2/12/2018,662.0170489
2/13/2018,595.815344
2/14/2018,662.0170489
2/15/2018,728.2187538
2/16/2018,595.815344
2/17/2018,595.815344
2/18/2018,529.6136391
2/19/2018,529.6136391
2/20/2018,595.815344
2/21/2018,529.6136391
2/22/2018,463.4119342
2/23/2018,463.4119342
2/24/2018,397.2102293
2/25/2018,331.0085244
2/26/2018,397.2102293
2/27/2018,463.4119342
2/28/2018,397.2102293
3/1/2018,397.2102293
3/2/2018,397.2102293
3/3/2018,397.2102293
3/4/2018,397.2102293
3/5/2018,728.2187538
3/6/2018,529.6136391
3/7/2018,463.4119342
3/8/2018,397.2102293
3/9/2018,463.4119342
3/10/2018,264.8068196
3/11/2018,331.0085244
3/12/2018,397.2102293
3/13/2018,397.2102293
3/14/2018,397.2102293
3/15/2018,397.2102293
3/16/2018,331.0085244
3/17/2018,331.0085244
3/18/2018,397.2102293
3/19/2018,331.0085244
3/20/2018,331.0085244
3/21/2018,331.0085244
3/22/2018,331.0085244
3/23/2018,264.8068196
3/24/2018,264.8068196
3/25/2018,264.8068196
3/26/2018,331.0085244
3/27/2018,331.0085244
3/28/2018,397.2102293
3/29/2018,331.0085244
3/30/2018,331.0085244
3/31/2018,264.8068196
4/1/2018,264.8068196
4/2/2018,331.0085244
4/3/2018,331.0085244
4/4/2018,331.0085244
4/5/2018,331.0085244
4/6/2018,264.8068196
4/7/2018,264.8068196
4/8/2018,264.8068196
4/9/2018,264.8068196
4/10/2018,264.8068196
4/11/2018,264.8068196
4/12/2018,331.0085244
4/13/2018,463.4119342
4/14/2018,264.8068196
4/15/2018,264.8068196
4/16/2018,264.8068196
4/17/2018,331.0085244
4/18/2018,331.0085244
4/19/2018,397.2102293
4/20/2018,595.815344
4/21/2018,397.2102293
4/22/2018,331.0085244
4/23/2018,397.2102293
4/24/2018,463.4119342
4/25/2018,397.2102293
4/26/2018,331.0085244
4/27/2018,264.8068196
4/28/2018,264.8068196
4/29/2018,264.8068196
4/30/2018,264.8068196
5/1/2018,264.8068196
5/2/2018,264.8068196
5/3/2018,331.0085244
5/4/2018,331.0085244
5/5/2018,264.8068196
5/6/2018,264.8068196
5/7/2018,264.8068196
5/8/2018,331.0085244
5/9/2018,264.8068196
5/10/2018,264.8068196
5/11/2018,264.8068196
5/12/2018,264.8068196
5/13/2018,264.8068196
5/14/2018,264.8068196
5/15/2018,264.8068196
5/16/2018,264.8068196
5/17/2018,264.8068196
5/18/2018,198.6051147
5/19/2018,198.6051147
5/20/2018,198.6051147
5/21/2018,198.6051147
5/22/2018,264.8068196
5/23/2018,331.0085244
5/24/2018,331.0085244
5/25/2018,264.8068196
5/26/2018,198.6051147
5/27/2018,198.6051147
5/28/2018,198.6051147
5/29/2018,264.8068196
5/30/2018,264.8068196
5/31/2018,198.6051147
6/1/2018,198.6051147
6/2/2018,198.6051147
6/3/2018,264.8068196
6/4/2018,264.8068196
6/5/2018,264.8068196
6/6/2018,264.8068196
6/7/2018,264.8068196
6/8/2018,198.6051147
6/9/2018,198.6051147
6/10/2018,198.6051147
6/11/2018,264.8068196
6/12/2018,198.6051147
6/13/2018,264.8068196
6/14/2018,198.6051147
6/15/2018,264.8068196
6/16/2018,198.6051147
6/17/2018,198.6051147
6/18/2018,198.6051147
6/19/2018,198.6051147
6/20/2018,198.6051147
6/21/2018,198.6051147
6/22/2018,198.6051147
6/23/2018,198.6051147
6/24/2018,198.6051147
6/25/2018,198.6051147
6/26/2018,198.6051147
6/27/2018,198.6051147
6/28/2018,198.6051147
6/29/2018,198.6051147
6/30/2018,198.6051147
7/1/2018,175.18865
7/2/2018,205.6562414
7/3/2018,205.6562414
7/4/2018,175.18865
7/5/2018,182.8055479
7/6/2018,182.8055479
7/7/2018,152.3379566
7/8/2018,182.8055479
7/9/2018,175.18865
7/10/2018,167.5717522
7/11/2018,152.3379566
7/12/2018,175.18865
7/13/2018,159.9548544
7/14/2018,167.5717522
7/15/2018,152.3379566
7/16/2018,190.4224457
7/17/2018,213.2731392
7/18/2018,220.890037
7/19/2018,198.0393435
7/20/2018,182.8055479
7/21/2018,175.18865
7/22/2018,167.5717522
7/23/2018,182.8055479
7/24/2018,198.0393435
7/25/2018,182.8055479
7/26/2018,198.0393435
7/27/2018,175.18865
7/28/2018,152.3379566
7/29/2018,152.3379566
7/30/2018,220.890037
7/31/2018,182.8055479
8/1/2018,205.6562414
8/2/2018,175.18865
8/3/2018,167.5717522
8/4/2018,152.3379566
8/5/2018,167.5717522
8/6/2018,159.9548544
8/7/2018,190.4224457
8/8/2018,213.2731392
8/9/2018,190.4224457
8/10/2018,182.8055479
8/11/2018,205.6562414
8/12/2018,167.5717522
8/13/2018,190.4224457
8/14/2018,220.890037
8/15/2018,190.4224457
8/16/2018,190.4224457
8/17/2018,213.2731392
8/18/2018,175.18865
8/19/2018,182.8055479
8/20/2018,213.2731392
8/21/2018,228.5069348
8/22/2018,213.2731392
8/23/2018,198.0393435
8/24/2018,198.0393435
8/25/2018,205.6562414
8/26/2018,198.0393435
8/27/2018,198.0393435
8/28/2018,205.6562414
8/29/2018,205.6562414
8/30/2018,190.4224457
8/31/2018,190.4224457
9/1/2018,167.5717522
9/2/2018,175.18865
9/3/2018,167.5717522
9/4/2018,198.0393435
9/5/2018,182.8055479
9/6/2018,213.2731392
9/7/2018,190.4224457
9/8/2018,152.3379566
9/9/2018,159.9548544
9/10/2018,182.8055479
9/11/2018,205.6562414
9/12/2018,190.4224457
9/13/2018,190.4224457
9/14/2018,182.8055479
9/15/2018,182.8055479
9/16/2018,175.18865
9/17/2018,198.0393435
9/18/2018,274.2083218
9/19/2018,274.2083218
9/20/2018,388.4617892
9/21/2018,761.6897828
9/22/2018,441.780074
9/23/2018,335.1435044
9/24/2018,335.1435044
9/25/2018,312.292811
9/26/2018,327.5266066
9/27/2018,289.4421175
9/28/2018,258.9745262
9/29/2018,258.9745262
9/30/2018,304.6759131
10/1/2018,357.9941979
10/2/2018,327.5266066
10/3/2018,258.9745262
10/4/2018,251.3576283
10/5/2018,220.890037
10/6/2018,228.5069348
10/7/2018,213.2731392
10/8/2018,213.2731392
10/9/2018,205.6562414
10/10/2018,220.890037
10/11/2018,236.1238327
10/12/2018,220.890037
10/13/2018,198.0393435
10/14/2018,175.18865
10/15/2018,228.5069348
10/16/2018,228.5069348
10/17/2018,236.1238327
10/18/2018,182.8055479
10/19/2018,182.8055479
10/20/2018,175.18865
10/21/2018,167.5717522
10/22/2018,190.4224457
10/23/2018,213.2731392
10/24/2018,198.0393435
10/25/2018,198.0393435
10/26/2018,182.8055479
10/27/2018,167.5717522
10/28/2018,175.18865
10/29/2018,190.4224457
10/30/2018,182.8055479
10/31/2018,182.8055479
11/1/2018,205.6562414
11/2/2018,198.0393435
11/3/2018,152.3379566
11/4/2018,198.0393435
11/5/2018,228.5069348
11/6/2018,327.5266066
11/7/2018,228.5069348
11/8/2018,190.4224457
11/9/2018,198.0393435
11/10/2018,182.8055479
11/11/2018,159.9548544
11/12/2018,205.6562414
11/13/2018,220.890037
11/14/2018,236.1238327
11/15/2018,220.890037
11/16/2018,205.6562414
11/17/2018,198.0393435
11/18/2018,213.2731392
11/19/2018,220.890037
11/20/2018,274.2083218
11/21/2018,220.890037
11/22/2018,205.6562414
11/23/2018,175.18865
11/24/2018,182.8055479
11/25/2018,213.2731392
11/26/2018,213.2731392
11/27/2018,205.6562414
11/28/2018,228.5069348
11/29/2018,198.0393435
11/30/2018,182.8055479
12/1/2018,167.5717522
12/2/2018,175.18865
12/3/2018,190.4224457
12/4/2018,175.18865
12/5/2018,190.4224457
12/6/2018,175.18865
12/7/2018,198.0393435
12/8/2018,182.8055479
12/9/2018,182.8055479
12/10/2018,182.8055479
12/11/2018,182.8055479
12/12/2018,190.4224457
12/13/2018,182.8055479
12/14/2018,182.8055479
12/15/2018,182.8055479
12/16/2018,190.4224457
12/17/2018,198.0393435
12/18/2018,213.2731392
12/19/2018,228.5069348
12/20/2018,190.4224457
12/21/2018,198.0393435
12/22/2018,182.8055479
12/23/2018,205.6562414
12/24/2018,236.1238327
12/25/2018,190.4224457
12/26/2018,182.8055479
12/27/2018,182.8055479
12/28/2018,190.4224457
12/29/2018,182.8055479
12/30/2018,175.18865
12/31/2018,167.5717522
1/1/2019,159.9548544
1/2/2019,190.4224457
1/3/2019,190.4224457
1/4/2019,190.4224457
1/5/2019,175.18865
1/6/2019,167.5717522
1/7/2019,175.18865
1/8/2019,182.8055479
1/9/2019,175.18865
1/10/2019,182.8055479
1/11/2019,159.9548544
1/12/2019,152.3379566
1/13/2019,159.9548544
1/14/2019,152.3379566
1/15/2019,167.5717522
1/16/2019,159.9548544
1/17/2019,159.9548544
1/18/2019,144.7210587
1/19/2019,152.3379566
1/20/2019,152.3379566
1/21/2019,152.3379566
1/22/2019,144.7210587
1/23/2019,144.7210587
1/24/2019,152.3379566
1/25/2019,144.7210587
1/26/2019,121.8703653
1/27/2019,152.3379566
1/28/2019,152.3379566
1/29/2019,159.9548544
1/30/2019,190.4224457
1/31/2019,167.5717522
2/1/2019,137.8015504
2/2/2019,150.0505772
2/3/2019,146.9883205
2/4/2019,146.9883205
2/5/2019,143.9260638
2/6/2019,140.8638071
2/7/2019,150.0505772
2/8/2019,159.2373472
2/9/2019,156.1750905
2/10/2019,143.9260638
2/11/2019,140.8638071
2/12/2019,143.9260638
2/13/2019,140.8638071
2/14/2019,146.9883205
2/15/2019,140.8638071
2/16/2019,122.4902671
2/17/2019,131.6770371
2/18/2019,156.1750905
2/19/2019,171.4863739
2/20/2019,159.2373472
2/21/2019,153.1128338
2/22/2019,137.8015504
2/23/2019,153.1128338
2/24/2019,159.2373472
2/25/2019,165.3618605
2/26/2019,165.3618605
2/27/2019,186.7976573
2/28/2019,156.1750905
3/1/2019,165.3618605
3/2/2019,150.0505772
3/3/2019,146.9883205
3/4/2019,131.6770371
3/5/2019,137.8015504
3/6/2019,156.1750905
3/7/2019,143.9260638
3/8/2019,150.0505772
3/9/2019,143.9260638
3/10/2019,134.7392938
3/11/2019,131.6770371
3/12/2019,140.8638071
3/13/2019,156.1750905
3/14/2019,159.2373472
3/15/2019,125.5525237
3/16/2019,134.7392938
3/17/2019,134.7392938
3/18/2019,131.6770371
3/19/2019,134.7392938
3/20/2019,134.7392938
3/21/2019,146.9883205
3/22/2019,128.6147804
3/23/2019,131.6770371
3/24/2019,122.4902671
3/25/2019,131.6770371
3/26/2019,128.6147804
3/27/2019,137.8015504
3/28/2019,125.5525237
3/29/2019,140.8638071
3/30/2019,125.5525237
3/31/2019,128.6147804
4/1/2019,143.9260638
4/2/2019,217.420224
4/3/2019,208.233454
4/4/2019,168.4241172
4/5/2019,183.7354006
4/6/2019,140.8638071
4/7/2019,156.1750905
4/8/2019,165.3618605
4/9/2019,143.9260638
4/10/2019,153.1128338
4/11/2019,153.1128338
4/12/2019,137.8015504
4/13/2019,131.6770371
4/14/2019,143.9260638
4/15/2019,125.5525237
4/16/2019,143.9260638
4/17/2019,168.4241172
4/18/2019,137.8015504
4/19/2019,134.7392938
4/20/2019,137.8015504
4/21/2019,137.8015504
4/22/2019,137.8015504
4/23/2019,153.1128338
4/24/2019,159.2373472
4/25/2019,134.7392938
4/26/2019,143.9260638
4/27/2019,128.6147804
4/28/2019,131.6770371
4/29/2019,128.6147804
4/30/2019,137.8015504
5/1/2019,150.0505772
5/2/2019,140.8638071
5/3/2019,131.6770371
5/4/2019,122.4902671
5/5/2019,137.8015504
5/6/2019,119.4280104
5/7/2019,150.0505772
5/8/2019,143.9260638
5/9/2019,150.0505772
5/10/2019,137.8015504
5/11/2019,168.4241172
5/12/2019,183.7354006
5/13/2019,168.4241172
5/14/2019,290.9143843
5/15/2019,306.2256677
5/16/2019,220.4824807
5/17/2019,189.859914
5/18/2019,171.4863739
5/19/2019,177.6108872
5/20/2019,171.4863739
5/21/2019,171.4863739
5/22/2019,159.2373472
5/23/2019,134.7392938
5/24/2019,153.1128338
5/25/2019,131.6770371
5/26/2019,146.9883205
5/27/2019,192.9221706
5/28/2019,202.1089407
5/29/2019,186.7976573
5/30/2019,202.1089407
5/31/2019,165.3618605
6/1/2019,153.1128338
6/2/2019,159.2373472
6/3/2019,171.4863739
6/4/2019,162.2996039
6/5/2019,171.4863739
6/6/2019,171.4863739
6/7/2019,156.1750905
6/8/2019,150.0505772
6/9/2019,177.6108872
6/10/2019,156.1750905
6/11/2019,162.2996039
6/12/2019,137.8015504
6/13/2019,153.1128338
6/14/2019,153.1128338
6/15/2019,153.1128338
6/16/2019,156.1750905
6/17/2019,199.046684
6/18/2019,220.4824807
6/19/2019,174.5486306
6/20/2019,180.6731439
6/21/2019,162.2996039
6/22/2019,238.8560208
6/23/2019,205.1711973
6/24/2019,214.3579674
6/25/2019,199.046684
6/26/2019,257.2295608
6/27/2019,217.420224
6/28/2019,180.6731439
6/29/2019,143.9260638
6/30/2019,171.4863739
7/1/2019,153.1128338
7/2/2019,165.3618605
7/3/2019,143.9260638
7/4/2019,159.2373472
7/5/2019,150.0505772
7/6/2019,162.2996039
7/7/2019,180.6731439
7/8/2019,150.0505772
7/9/2019,159.2373472
7/10/2019,162.2996039
7/11/2019,165.3618605
7/12/2019,137.8015504
7/13/2019,153.1128338
7/14/2019,146.9883205
7/15/2019,146.9883205
7/16/2019,146.9883205
7/17/2019,156.1750905
7/18/2019,140.8638071
7/19/2019,125.5525237
7/20/2019,143.9260638
7/21/2019,150.0505772
7/22/2019,122.4902671
7/23/2019,137.8015504
7/24/2019,125.5525237
7/25/2019,131.6770371
7/26/2019,119.4280104
7/27/2019,119.4280104
7/28/2019,140.8638071
7/29/2019,131.6770371
7/30/2019,131.6770371
7/31/2019,134.7392938
8/1/2019,125.5525237
8/2/2019,128.6147804
8/3/2019,134.7392938
8/4/2019,125.5525237
8/5/2019,146.9883205
8/6/2019,146.9883205
8/7/2019,137.8015504
8/8/2019,137.8015504
8/9/2019,153.1128338
8/10/2019,140.8638071
8/11/2019,137.8015504
8/12/2019,128.6147804
8/13/2019,140.8638071
8/14/2019,143.9260638
8/15/2019,134.7392938
8/16/2019,143.9260638
8/17/2019,143.9260638
8/18/2019,177.6108872
8/19/2019,140.8638071
8/20/2019,131.6770371
8/21/2019,128.6147804
8/22/2019,128.6147804
8/23/2019,134.7392938
8/24/2019,131.6770371
8/25/2019,128.6147804
8/26/2019,128.6147804
8/27/2019,140.8638071
8/28/2019,137.8015504
8/29/2019,137.8015504
8/30/2019,128.6147804
8/31/2019,128.6147804
9/1/2019,98.75879124
9/2/2019,109.9390318
9/3/2019,117.3925254
9/4/2019,134.1628862
9/5/2019,109.9390318
9/6/2019,121.1192723
9/7/2019,156.5233672
9/8/2019,115.529152
9/9/2019,109.9390318
9/10/2019,115.529152
9/11/2019,119.2558989
9/12/2019,132.2995128
9/13/2019,109.9390318
9/14/2019,111.8024052
9/15/2019,121.1192723
9/16/2019,134.1628862
9/17/2019,163.9768609
9/18/2019,186.337342
9/19/2019,130.4361394
9/20/2019,122.9826457
9/21/2019,121.1192723
9/22/2019,111.8024052
9/23/2019,119.2558989
9/24/2019,154.6599938
9/25/2019,149.0698736
9/26/2019,124.8460191
9/27/2019,121.1192723
9/28/2019,121.1192723
9/29/2019,119.2558989
9/30/2019,119.2558989
10/1/2019,124.8460191
10/2/2019,117.3925254
10/3/2019,117.3925254
10/4/2019,124.8460191
10/5/2019,126.7093925
10/6/2019,137.889633
10/7/2019,136.0262596
10/8/2019,126.7093925
10/9/2019,113.6657786
10/10/2019,111.8024052
10/11/2019,108.0756583
10/12/2019,100.6221647
10/13/2019,113.6657786
10/14/2019,115.529152
10/15/2019,121.1192723
10/16/2019,98.75879124
10/17/2019,136.0262596
10/18/2019,126.7093925
10/19/2019,121.1192723
10/20/2019,119.2558989
10/21/2019,115.529152
10/22/2019,121.1192723
10/23/2019,126.7093925
10/24/2019,119.2558989
10/25/2019,126.7093925
10/26/2019,141.6163799
10/27/2019,113.6657786
10/28/2019,115.529152
10/29/2019,122.9826457
10/30/2019,124.8460191
10/31/2019,109.9390318
11/1/2019,117.3925254
11/2/2019,128.572766
11/3/2019,143.4797533
11/4/2019,130.4361394
11/5/2019,145.3431267
11/6/2019,137.889633
11/7/2019,145.3431267
11/8/2019,139.7530065
11/9/2019,111.8024052
11/10/2019,136.0262596
11/11/2019,119.2558989
11/12/2019,108.0756583
11/13/2019,102.4855381
11/14/2019,117.3925254
11/15/2019,119.2558989
11/16/2019,100.6221647
11/17/2019,113.6657786
11/18/2019,113.6657786
11/19/2019,111.8024052
11/20/2019,109.9390318
11/21/2019,115.529152
11/22/2019,113.6657786
11/23/2019,113.6657786
11/24/2019,113.6657786
11/25/2019,111.8024052
11/26/2019,109.9390318
11/27/2019,106.2122849
11/28/2019,106.2122849
11/29/2019,93.16867098
11/30/2019,93.16867098
12/1/2019,93.16867098
12/2/2019,106.2122849
12/3/2019,115.529152
12/4/2019,108.0756583
12/5/2019,109.9390318
12/6/2019,108.0756583
12/7/2019,117.3925254
12/8/2019,102.4855381
12/9/2019,104.3489115
12/10/2019,93.16867098
12/11/2019,108.0756583
12/12/2019,109.9390318
12/13/2019,93.16867098
12/14/2019,102.4855381
12/15/2019,141.6163799
12/16/2019,108.0756583
12/17/2019,122.9826457
12/18/2019,113.6657786
12/19/2019,111.8024052
12/20/2019,119.2558989
12/21/2019,128.572766
12/22/2019,117.3925254
12/23/2019,130.4361394
12/24/2019,134.1628862
12/25/2019,98.75879124
12/26/2019,100.6221647
12/27/2019,83.85180388
12/28/2019,106.2122849
12/29/2019,111.8024052
12/30/2019,104.3489115
12/31/2019,104.3489115
1/1/2020,85.7151773
1/2/2020,98.75879124
1/3/2020,108.0756583
1/4/2020,95.0320444
1/5/2020,111.8024052
1/6/2020,128.572766
1/7/2020,128.572766
1/8/2020,126.7093925
1/9/2020,106.2122849
1/10/2020,100.6221647
1/11/2020,113.6657786
1/12/2020,106.2122849
1/13/2020,113.6657786
1/14/2020,124.8460191
1/15/2020,141.6163799
1/16/2020,128.572766
1/17/2020,126.7093925
1/18/2020,122.9826457
1/19/2020,171.4303546
1/20/2020,117.3925254
1/21/2020,124.8460191
1/22/2020,109.9390318
1/23/2020,113.6657786
1/24/2020,115.529152
1/25/2020,98.75879124
1/26/2020,111.8024052
1/27/2020,124.8460191
1/28/2020,113.6657786
1/29/2020,117.3925254
1/30/2020,124.8460191
1/31/2020,121.1192723
2/1/2020,109.9390318
2/2/2020,119.2558989
2/3/2020,111.8024052
2/4/2020,139.7530065
2/5/2020,158.3867407
2/6/2020,149.0698736
2/7/2020,128.572766
2/8/2020,111.8024052
2/9/2020,165.8402343
2/10/2020,122.9826457
2/11/2020,124.8460191
2/12/2020,154.6599938
2/13/2020,186.337342
2/14/2020,149.0698736
2/15/2020,137.889633
2/16/2020,136.0262596
2/17/2020,143.4797533
2/18/2020,137.889633
2/19/2020,141.6163799
2/20/2020,124.8460191
2/21/2020,126.7093925
2/22/2020,115.529152
2/23/2020,160.2501141
2/24/2020,117.3925254
2/25/2020,111.8024052
2/26/2020,124.8460191
2/27/2020,130.4361394
2/28/2020,115.529152
2/29/2020,108.0756583
3/1/2020,106.2122849
3/2/2020,108.0756583
3/3/2020,104.3489115
3/4/2020,111.8024052
3/5/2020,113.6657786
3/6/2020,115.529152
3/7/2020,95.0320444
3/8/2020,160.2501141
3/9/2020,121.1192723
3/10/2020,111.8024052
3/11/2020,104.3489115
3/12/2020,130.4361394
3/13/2020,121.1192723
3/14/2020,117.3925254
3/15/2020,109.9390318
3/16/2020,122.9826457
3/17/2020,104.3489115
3/18/2020,98.75879124
3/19/2020,106.2122849
3/20/2020,98.75879124
3/21/2020,95.0320444
3/22/2020,96.89541782
3/23/2020,96.89541782
3/24/2020,102.4855381
3/25/2020,96.89541782
3/26/2020,96.89541782
3/27/2020,109.9390318
3/28/2020,102.4855381
3/29/2020,96.89541782
3/30/2020,96.89541782
3/31/2020,104.3489115
4/1/2020,88.17584007
4/2/2020,104.7088101
4/3/2020,88.17584007
4/4/2020,93.68683008
4/5/2020,82.66485007
4/6/2020,110.2198001
4/7/2020,110.2198001
4/8/2020,110.2198001
4/9/2020,104.7088101
4/10/2020,93.68683008
4/11/2020,93.68683008
4/12/2020,104.7088101
4/13/2020,93.68683008
4/14/2020,88.17584007
4/15/2020,93.68683008
4/16/2020,104.7088101
4/17/2020,93.68683008
4/18/2020,93.68683008
4/19/2020,104.7088101
4/20/2020,99.19782008
4/21/2020,99.19782008
4/22/2020,99.19782008
4/23/2020,93.68683008
4/24/2020,99.19782008
4/25/2020,99.19782008
4/26/2020,93.68683008
4/27/2020,93.68683008
4/28/2020,121.2417801
4/29/2020,126.7527701
4/30/2020,115.7307901
5/1/2020,121.2417801
5/2/2020,115.7307901
5/3/2020,110.2198001
5/4/2020,110.2198001
5/5/2020,115.7307901
5/6/2020,110.2198001
5/7/2020,93.68683008
5/8/2020,115.7307901
5/9/2020,121.2417801
5/10/2020,159.8187101
5/11/2020,115.7307901
5/12/2020,115.7307901
5/13/2020,115.7307901
5/14/2020,110.2198001
5/15/2020,99.19782008
5/16/2020,104.7088101
5/17/2020,115.7307901
5/18/2020,110.2198001
5/19/2020,104.7088101
5/20/2020,104.7088101
5/21/2020,110.2198001
5/22/2020,110.2198001
5/23/2020,99.19782008
5/24/2020,88.17584007
5/25/2020,104.7088101
5/26/2020,93.68683008
5/27/2020,99.19782008
5/28/2020,99.19782008
5/29/2020,104.7088101
5/30/2020,93.68683008
5/31/2020,110.2198001
6/1/2020,99.19782008
6/2/2020,110.2198001
6/3/2020,99.19782008
6/4/2020,110.2198001
6/5/2020,104.7088101
6/6/2020,99.19782008
6/7/2020,115.7307901
6/8/2020,99.19782008
6/9/2020,99.19782008
6/10/2020,104.7088101
6/11/2020,110.2198001
6/12/2020,93.68683008
6/13/2020,99.19782008
6/14/2020,104.7088101
6/15/2020,110.2198001
6/16/2020,104.7088101
6/17/2020,121.2417801
6/18/2020,104.7088101
6/19/2020,99.19782008
6/20/2020,110.2198001
6/21/2020,104.7088101
6/22/2020,115.7307901
6/23/2020,104.7088101
6/24/2020,104.7088101
6/25/2020,93.68683008
6/26/2020,99.19782008
6/27/2020,99.19782008
6/28/2020,93.68683008
6/29/2020,104.7088101
6/30/2020,110.2198001
7/1/2020,99.19782008
7/2/2020,88.17584007
7/3/2020,88.17584007
7/4/2020,88.17584007
7/5/2020,93.68683008
7/6/2020,104.7088101
7/7/2020,93.68683008
7/8/2020,115.7307901
7/9/2020,110.2198001
7/10/2020,99.19782008
7/11/2020,99.19782008
7/12/2020,115.7307901
7/13/2020,99.19782008
7/14/2020,104.7088101
7/15/2020,99.19782008
7/16/2020,104.7088101
7/17/2020,93.68683008
7/18/2020,99.19782008
7/19/2020,99.19782008
7/20/2020,104.7088101
7/21/2020,104.7088101
7/22/2020,99.19782008
7/23/2020,104.7088101
7/24/2020,99.19782008
7/25/2020,104.7088101
7/26/2020,121.2417801
7/27/2020,126.7527701
7/28/2020,132.2637601
7/29/2020,143.2857401
7/30/2020,115.7307901
7/31/2020,137.7747501
8/1/2020,170.8406901
8/2/2020,176.3516801
8/3/2020,165.3297001
8/4/2020,148.7967301
8/5/2020,137.7747501
8/6/2020,143.2857401
8/7/2020,137.7747501
8/8/2020,137.7747501
8/9/2020,137.7747501
8/10/2020,126.7527701
8/11/2020,115.7307901
8/12/2020,110.2198001
8/13/2020,126.7527701
8/14/2020,126.7527701
8/15/2020,121.2417801
8/16/2020,137.7747501
8/17/2020,132.2637601
8/18/2020,132.2637601
8/19/2020,121.2417801
8/20/2020,126.7527701
8/21/2020,110.2198001
8/22/2020,115.7307901
8/23/2020,110.2198001
8/24/2020,110.2198001
8/25/2020,104.7088101
8/26/2020,104.7088101
8/27/2020,99.19782008
8/28/2020,99.19782008
8/29/2020,110.2198001
8/30/2020,110.2198001
8/31/2020,104.7088101
9/1/2020,126.7527701
9/2/2020,126.7527701
9/3/2020,104.7088101
9/4/2020,110.2198001
9/5/2020,99.19782008
9/6/2020,104.7088101
9/7/2020,104.7088101
9/8/2020,93.68683008
9/9/2020,99.19782008
9/10/2020,110.2198001
9/11/2020,99.19782008
9/12/2020,104.7088101
9/13/2020,88.17584007
9/14/2020,104.7088101
9/15/2020,93.68683008
9/16/2020,104.7088101
9/17/2020,104.7088101
9/18/2020,99.19782008
9/19/2020,93.68683008
9/20/2020,110.2198001
9/21/2020,110.2198001
9/22/2020,93.68683008
9/23/2020,93.68683008
9/24/2020,93.68683008
9/25/2020,93.68683008
9/26/2020,93.68683008
9/27/2020,115.7307901
9/28/2020,88.17584007
9/29/2020,93.68683008
9/30/2020,82.66485007
10/1/2020,88.17584007
10/2/2020,82.66485007
10/3/2020,82.66485007
10/4/2020,93.68683008
10/5/2020,99.19782008
10/6/2020,93.68683008
10/7/2020,93.68683008
10/8/2020,88.17584007
10/9/2020,99.19782008
10/10/2020,88.17584007
10/11/2020,99.19782008
10/12/2020,99.19782008
10/13/2020,99.19782008
10/14/2020,99.19782008
10/15/2020,88.17584007
10/16/2020,88.17584007
10/17/2020,93.68683008
10/18/2020,99.19782008
10/19/2020,93.68683008
10/20/2020,99.19782008
10/21/2020,99.19782008
10/22/2020,99.19782008
10/23/2020,93.68683008
10/24/2020,126.7527701
10/25/2020,88.17584007
10/26/2020,99.19782008
10/27/2020,104.7088101
10/28/2020,104.7088101
10/29/2020,99.19782008
10/30/2020,93.68683008
10/31/2020,99.19782008
11/1/2020,97.39631669
11/2/2020,89.27995696
11/3/2020,81.16359724
11/4/2020,64.93087779
11/5/2020,89.27995696
11/6/2020,97.39631669
11/7/2020,89.27995696
11/8/2020,113.6290361
11/9/2020,97.39631669
11/10/2020,105.5126764
11/11/2020,97.39631669
11/12/2020,89.27995696
11/13/2020,97.39631669
11/14/2020,97.39631669
11/15/2020,105.5126764
11/16/2020,105.5126764
11/17/2020,129.8617556
11/18/2020,121.7453959
11/19/2020,121.7453959
11/20/2020,121.7453959
11/21/2020,284.0725903
11/22/2020,267.8398709
11/23/2020,316.5380292
11/24/2020,511.3306626
11/25/2020,300.3053098
11/26/2020,243.4907917
11/27/2020,162.3271945
11/28/2020,170.4435542
11/29/2020,235.374432
11/30/2020,211.0253528
12/1/2020,194.7926334
12/2/2020,162.3271945
12/3/2020,162.3271945
12/4/2020,162.3271945
12/5/2020,146.094475
12/6/2020,146.094475
12/7/2020,146.094475
12/8/2020,129.8617556
12/9/2020,146.094475
12/10/2020,137.9781153
12/11/2020,129.8617556
12/12/2020,162.3271945
12/13/2020,178.5599139
12/14/2020,146.094475
12/15/2020,137.9781153
12/16/2020,186.6762737
12/17/2020,235.374432
12/18/2020,170.4435542
12/19/2020,162.3271945
12/20/2020,162.3271945
12/21/2020,154.2108348
12/22/2020,259.7235112
12/23/2020,551.9124612
12/24/2020,430.1670654
12/25/2020,357.1198279
12/26/2020,275.9562306
12/27/2020,284.0725903
12/28/2020,275.9562306
12/29/2020,519.4470223
12/30/2020,324.654389
12/31/2020,235.374432
1/1/2021,251.6071514
1/2/2021,284.0725903
1/3/2021,275.9562306
1/4/2021,251.6071514
1/5/2021,235.374432
1/6/2021,267.8398709
1/7/2021,422.0507056
1/8/2021,308.4216695
1/9/2021,227.2580723
1/10/2021,251.6071514
1/11/2021,211.0253528
1/12/2021,202.9089931
1/13/2021,202.9089931
1/14/2021,211.0253528
1/15/2021,162.3271945
1/16/2021,186.6762737
1/17/2021,178.5599139
1/18/2021,154.2108348
1/19/2021,202.9089931
1/20/2021,170.4435542
1/21/2021,162.3271945
1/22/2021,154.2108348
1/23/2021,154.2108348
1/24/2021,178.5599139
1/25/2021,146.094475
1/26/2021,137.9781153
1/27/2021,146.094475
1/28/2021,137.9781153
1/29/2021,194.7926334
1/30/2021,462.6325043
1/31/2021,568.1451807
2/1/2021,811.6359724
2/2/2021,373.3525473
2/3/2021,275.9562306
2/4/2021,308.4216695
2/5/2021,259.7235112
2/6/2021,219.1417125
2/7/2021,202.9089931
2/8/2021,259.7235112
2/9/2021,284.0725903
2/10/2021,284.0725903
2/11/2021,259.7235112
2/12/2021,316.5380292
2/13/2021,308.4216695
2/14/2021,292.1889501
2/15/2021,275.9562306
2/16/2021,267.8398709
2/17/2021,251.6071514
2/18/2021,243.4907917
2/19/2021,259.7235112
2/20/2021,284.0725903
2/21/2021,284.0725903
2/22/2021,624.9596987
2/23/2021,357.1198279
2/24/2021,227.2580723
2/25/2021,202.9089931
2/26/2021,178.5599139
2/27/2021,170.4435542
2/28/2021,162.3271945
3/1/2021,162.3271945
3/2/2021,154.2108348
3/3/2021,154.2108348
3/4/2021,154.2108348
3/5/2021,154.2108348
3/6/2021,154.2108348
3/7/2021,170.4435542
3/8/2021,154.2108348
3/9/2021,162.3271945
3/10/2021,146.094475
3/11/2021,154.2108348
3/12/2021,146.094475
3/13/2021,162.3271945
3/14/2021,146.094475
3/15/2021,129.8617556
3/16/2021,170.4435542
3/17/2021,137.9781153
3/18/2021,137.9781153
3/19/2021,137.9781153
3/20/2021,170.4435542
3/21/2021,170.4435542
3/22/2021,227.2580723
3/23/2021,178.5599139
3/24/2021,154.2108348
3/25/2021,154.2108348
3/26/2021,146.094475
3/27/2021,137.9781153
3/28/2021,146.094475
3/29/2021,137.9781153
3/30/2021,162.3271945
3/31/2021,137.9781153
4/1/2021,170.4435542
4/2/2021,154.2108348
4/3/2021,186.6762737
4/4/2021,162.3271945
4/5/2021,454.5161445
4/6/2021,657.4251376
4/7/2021,389.5852668
4/8/2021,284.0725903
4/9/2021,267.8398709
4/10/2021,535.6797418
4/11/2021,576.2615404
4/12/2021,405.8179862
4/13/2021,746.7050946
4/14/2021,641.1924182
4/15/2021,462.6325043
4/16/2021,486.9815834
4/17/2021,373.3525473
4/18/2021,413.9343459
4/19/2021,373.3525473
4/20/2021,332.7707487
4/21/2021,292.1889501
4/22/2021,300.3053098
4/23/2021,340.8871084
4/24/2021,251.6071514
4/25/2021,259.7235112
4/26/2021,284.0725903
4/27/2021,292.1889501
4/28/2021,243.4907917
4/29/2021,243.4907917
4/30/2021,462.6325043
5/1/2021,316.5380292
5/2/2021,267.8398709
5/3/2021,300.3053098
5/4/2021,349.0034681
5/5/2021,357.1198279
5/6/2021,397.7016265
5/7/2021,308.4216695
5/8/2021,284.0725903
5/9/2021,292.1889501
5/10/2021,300.3053098
5/11/2021,267.8398709
5/12/2021,235.374432
5/13/2021,300.3053098
5/14/2021,275.9562306
5/15/2021,284.0725903
5/16/2021,284.0725903
5/17/2021,259.7235112
5/18/2021,275.9562306
5/19/2021,316.5380292
5/20/2021,284.0725903
5/21/2021,300.3053098
5/22/2021,259.7235112
5/23/2021,259.7235112
5/24/2021,235.374432
5/25/2021,235.374432
5/26/2021,227.2580723
5/27/2021,211.0253528
5/28/2021,202.9089931
5/29/2021,178.5599139
5/30/2021,178.5599139
5/31/2021,211.0253528
6/1/2021,185.5056323
6/2/2021,166.5334653
6/3/2021,179.1815766
6/4/2021,151.7773355
6/5/2021,145.4532799
6/6/2021,139.1292242
6/7/2021,170.7495024
6/8/2021,139.1292242
6/9/2021,147.5612984
6/10/2021,147.5612984
6/11/2021,126.4811129
6/12/2021,120.1570573
6/13/2021,137.0212057
6/14/2021,128.5891315
6/15/2021,139.1292242
6/16/2021,130.69715
6/17/2021,122.2650758
6/18/2021,118.0490387
6/19/2021,107.508946
6/20/2021,128.5891315
6/21/2021,143.3452613
6/22/2021,151.7773355
6/23/2021,124.3730944
6/24/2021,118.0490387
6/25/2021,105.4009274
6/26/2021,113.8330016
6/27/2021,120.1570573
6/28/2021,118.0490387
6/29/2021,111.7249831
6/30/2021,107.508946
7/1/2021,103.2929089
7/2/2021,101.1848903
7/3/2021,124.3730944
7/4/2021,107.508946
7/5/2021,99.07687178
7/6/2021,107.508946
7/7/2021,101.1848903
7/8/2021,109.6169645
7/9/2021,99.07687178
7/10/2021,99.07687178
7/11/2021,101.1848903
7/12/2021,92.75281614
7/13/2021,101.1848903
7/14/2021,92.75281614
7/15/2021,105.4009274
7/16/2021,109.6169645
7/17/2021,99.07687178
7/18/2021,96.96885324
7/19/2021,96.96885324
7/20/2021,107.508946
7/21/2021,109.6169645
7/22/2021,109.6169645
7/23/2021,105.4009274
7/24/2021,99.07687178
7/25/2021,84.32074194
7/26/2021,120.1570573
7/27/2021,118.0490387
7/28/2021,160.2094097
7/29/2021,130.69715
7/30/2021,124.3730944
7/31/2021,115.9410202
8/1/2021,111.7249831
8/2/2021,120.1570573
8/3/2021,101.1848903
8/4/2021,107.508946
8/5/2021,103.2929089
8/6/2021,109.6169645
8/7/2021,126.4811129
8/8/2021,128.5891315
8/9/2021,115.9410202
8/10/2021,137.0212057
8/11/2021,170.7495024
8/12/2021,145.4532799
8/13/2021,141.2372428
8/14/2021,210.8018549
8/15/2021,193.9377065
8/16/2021,168.6414839
8/17/2021,143.3452613
8/18/2021,143.3452613
8/19/2021,143.3452613
8/20/2021,147.5612984
8/21/2021,132.8051686
8/22/2021,141.2372428
8/23/2021,147.5612984
8/24/2021,158.1013911
8/25/2021,134.9131871
8/26/2021,132.8051686
8/27/2021,124.3730944
8/28/2021,113.8330016
8/29/2021,122.2650758
8/30/2021,115.9410202
8/31/2021,155.9933726
9/1/2021,145.4532799
9/2/2021,141.2372428
9/3/2021,145.4532799
9/4/2021,128.5891315
9/5/2021,120.1570573
9/6/2021,155.9933726
9/7/2021,151.7773355
9/8/2021,139.1292242
9/9/2021,122.2650758
9/10/2021,130.69715
9/11/2021,111.7249831
9/12/2021,126.4811129
9/13/2021,107.508946
9/14/2021,103.2929089
9/15/2021,118.0490387
9/16/2021,120.1570573
9/17/2021,115.9410202
9/18/2021,105.4009274
9/19/2021,99.07687178
9/20/2021,124.3730944
9/21/2021,113.8330016
9/22/2021,111.7249831
9/23/2021,118.0490387
9/24/2021,109.6169645
9/25/2021,115.9410202
9/26/2021,99.07687178
9/27/2021,107.508946
9/28/2021,103.2929089
9/29/2021,113.8330016
9/30/2021,113.8330016
10/1/2021,130.69715
10/2/2021,103.2929089
10/3/2021,107.508946
10/4/2021,109.6169645
10/5/2021,115.9410202
10/6/2021,139.1292242
10/7/2021,128.5891315
10/8/2021,130.69715
10/9/2021,141.2372428
10/10/2021,141.2372428
10/11/2021,132.8051686
10/12/2021,124.3730944
10/13/2021,122.2650758
10/14/2021,126.4811129
10/15/2021,130.69715
10/16/2021,122.2650758
10/17/2021,115.9410202
10/18/2021,124.3730944
10/19/2021,118.0490387
10/20/2021,139.1292242
10/21/2021,134.9131871
10/22/2021,118.0490387
10/23/2021,113.8330016
10/24/2021,105.4009274
10/25/2021,122.2650758
10/26/2021,130.69715
10/27/2021,132.8051686
10/28/2021,128.5891315
10/29/2021,126.4811129
10/30/2021,126.4811129
10/31/2021,115.9410202
11/1/2021,130.69715
11/2/2021,141.2372428
11/3/2021,153.885354
11/4/2021,149.6693169
11/5/2021,132.8051686
11/6/2021,115.9410202
11/7/2021,153.885354
11/8/2021,160.2094097
11/9/2021,160.2094097
11/10/2021,174.9655395
11/11/2021,137.0212057
11/12/2021,132.8051686
11/13/2021,122.2650758
11/14/2021,128.5891315
11/15/2021,132.8051686
11/16/2021,126.4811129
11/17/2021,109.6169645
11/18/2021,115.9410202
11/19/2021,109.6169645
11/20/2021,107.508946
11/21/2021,109.6169645
11/22/2021,115.9410202
11/23/2021,115.9410202
11/24/2021,111.7249831
11/25/2021,103.2929089
11/26/2021,109.6169645
11/27/2021,99.07687178
11/28/2021,103.2929089
11/29/2021,111.7249831
11/30/2021,113.8330016
12/1/2021,94.86083469
12/2/2021,109.6169645
12/3/2021,107.508946
12/4/2021,137.0212057
12/5/2021,111.7249831
12/6/2021,113.8330016
12/7/2021,111.7249831
12/8/2021,113.8330016
12/9/2021,120.1570573
12/10/2021,109.6169645
12/11/2021,113.8330016
12/12/2021,111.7249831
12/13/2021,99.07687178
12/14/2021,113.8330016
12/15/2021,105.4009274
12/16/2021,101.1848903
12/17/2021,92.75281614
12/18/2021,94.86083469
12/19/2021,96.96885324
12/20/2021,107.508946
12/21/2021,115.9410202
12/22/2021,118.0490387
12/23/2021,128.5891315
12/24/2021,134.9131871
12/25/2021,88.53677904
12/26/2021,94.86083469
12/27/2021,103.2929089
12/28/2021,101.1848903
12/29/2021,103.2929089
12/30/2021,94.86083469
12/31/2021,80.10470485
1/1/2022,98.6813573
1/2/2022,98.6813573
1/3/2022,100.0331567
1/4/2022,90.57056081
1/5/2022,91.92236023
1/6/2022,101.3849561
1/7/2022,98.6813573
1/8/2022,95.97775847
1/9/2022,93.27415964
1/10/2022,91.92236023
1/11/2022,91.92236023
1/12/2022,91.92236023
1/13/2022,87.86696198
1/14/2022,104.088555
1/15/2022,83.81156374
1/16/2022,95.97775847
1/17/2022,90.57056081
1/18/2022,94.62595906
1/19/2022,95.97775847
1/20/2022,98.6813573
1/21/2022,98.6813573
1/22/2022,110.847552
1/23/2022,94.62595906
1/24/2022,91.92236023
1/25/2022,90.57056081
1/26/2022,100.0331567
1/27/2022,94.62595906
1/28/2022,86.51516257
1/29/2022,90.57056081
1/30/2022,86.51516257
1/31/2022,83.81156374
2/1/2022,100.0331567
2/2/2022,91.92236023
2/3/2022,83.81156374
2/4/2022,93.27415964
2/5/2022,86.51516257
2/6/2022,91.92236023
2/7/2022,135.1799415
2/8/2022,135.1799415
2/9/2022,109.4957526
2/10/2022,106.7921538
2/11/2022,97.32955789
2/12/2022,101.3849561
2/13/2022,94.62595906
2/14/2022,93.27415964
2/15/2022,100.0331567
2/16/2022,91.92236023
2/17/2022,108.1439532
2/18/2022,97.32955789
2/19/2022,109.4957526
2/20/2022,94.62595906
2/21/2022,86.51516257
2/22/2022,95.97775847
2/23/2022,91.92236023
2/24/2022,93.27415964
2/25/2022,94.62595906
2/26/2022,82.45976432
2/27/2022,82.45976432
2/28/2022,102.7367555
3/1/2022,114.9029503
3/2/2022,94.62595906
3/3/2022,95.97775847
3/4/2022,91.92236023
3/5/2022,91.92236023
3/6/2022,93.27415964
3/7/2022,97.32955789
3/8/2022,95.97775847
3/9/2022,95.97775847
3/10/2022,86.51516257
3/11/2022,100.0331567
3/12/2022,118.9583485
3/13/2022,91.92236023
3/14/2022,79.75616549
3/15/2022,90.57056081
3/16/2022,90.57056081
3/17/2022,87.86696198
3/18/2022,90.57056081
3/19/2022,79.75616549
3/20/2022,83.81156374
3/21/2022,106.7921538
3/22/2022,98.6813573
3/23/2022,98.6813573
3/24/2022,97.32955789
3/25/2022,91.92236023
3/26/2022,91.92236023
3/27/2022,87.86696198
3/28/2022,109.4957526
3/29/2022,100.0331567
3/30/2022,97.32955789
3/31/2022,102.7367555